Workbook

Sheet Inputs
A1: Cherry Rain — Cost-Efficiency Model: Inputs
A2: All monetary values in ZAR. Green cells = editable inputs.
A4: Company profile
A5: Headcount | B5: 45 | C5: FTE
A6: Email-using staff | B6: 42 | C6: FTE
A7: Average loaded cost / FTE / hour | B7: 285 | C7: ZAR
A9: Threat baseline (annual, pre-Phishield)
A10: Phishing emails received / user / month | B10: 18 | C10: count
A11: Click-through rate (untrained) | B11: 0.045 | C11: %
A12: Successful credential compromises / yr | B12: 3 | C12: count
A13: Avg incident response cost (per incident) | B13: 78000 | C13: ZAR
A14: Probability of major breach / yr | B14: 0.08 | C14: %
A15: Estimated major-breach loss | B15: 2400000 | C15: ZAR
A16: Productivity loss / phishing triage (min) | B16: 12 | C16: min
A18: Phishield package
A19: Tier | B19: Business 50 | C19: —
A20: Annual subscription | B20: 96000 | C20: ZAR
A21: One-off onboarding | B21: 18500 | C21: ZAR
A22: Internal admin time (hrs / yr) | B22: 40 | C22: hrs
A24: Efficacy assumptions (Phishield Year 1)
A25: Phishing block rate | B25: 0.92 | C25: %
A26: Click-through rate reduction (training) | B26: 0.7 | C26: %
A27: Incident response time saved | B27: 0.55 | C27: %
A28: Major-breach probability reduction | B28: 0.65 | C28: %

Sheet Costs
A1: Phishield Total Cost (Year 1 & Year 2+)
A3: Cost line | B3: Year 1 | C3: Year 2 | D3: Notes
A4: Annual subscription | B4: =Inputs!B20 | C4: =Inputs!B20 | D4: Recurring
A5: Onboarding (one-off) | B5: =Inputs!B21 | C5: 0 | D5: Year 1 only
A6: Internal admin time | B6: =Inputs!B22*Inputs!B7 | C6: =Inputs!B22*Inputs!B7*0.6 | D6: Yr2 lower (steady state)
A7: Total cost | B7: =SUM(B4:B6) | C7: =SUM(C4:C6)

Sheet Savings
A1: Annualised Savings & Loss Avoidance
A3: Savings line | B3: Annual value | C3: Calculation | D3: Source
A4: Triage productivity recovered | B4: =(Inputs!B10*12*Inputs!B6)*Inputs!B25*(Inputs!B16/60)*Inputs!B7 | C4: Blocked emails × triage time saved × loaded rate | D4: Inputs
A5: Avoided credential compromises | B5: =Inputs!B12*Inputs!B26*Inputs!B13 | C5: Compromises × reduction × IR cost | D5: Inputs
A6: Faster incident response | B6: =Inputs!B12*Inputs!B13*Inputs!B27*0.4 | C6: Residual incidents × IR cost × time-saved × IR-share | D6: Inputs
A7: Major-breach loss avoided (expected value) | B7: =Inputs!B14*Inputs!B15*Inputs!B28 | C7: P(breach) × loss × probability reduction | D7: Inputs
A8: Total annual savings | B8: =SUM(B4:B7)

Sheet ROI Summary
A1: ROI Summary — Cherry Rain
A3: Metric | B3: Year 1 | C3: Year 2
A4: Total cost | B4: =Costs!B7 | C4: =Costs!C7
A5: Total annual savings | B5: =Savings!B8 | C5: =Savings!B8
A6: Net benefit | B6: =B5-B4 | C6: =C5-C4
A7: ROI (%) | B7: =B6/B4 | C7: =C6/C4
A8: Payback period (months) | B8: =B4/(B5/12) | C8: =C4/(C5/12)
A9: Cost / FTE / month | B9: =B4/Inputs!B5/12 | C9: =C4/Inputs!B5/12
A11: Interpretation
A12: Year 1 ROI is suppressed by onboarding cost; steady-state Year 2 reflects the recurring economics. Major-breach EV is the dominant savings line — stress-test it on the Sensitivity sheet.

Sheet Sensitivity
A1: Sensitivity — Year 1 Net Benefit vs Major-Breach Assumptions
A3: Rows: P(major breach). Cols: probability reduction. Values: Year 1 net benefit (ZAR).
A5: P(breach) \ Reduction | B5: 0.3 | C5: 0.45 | D5: 0.6 | E5: 0.75 | F5: 0.9
A6: 0.02 | B6: =((Inputs!B10*12*Inputs!B6)*Inputs!B25*(Inputs!B16/60)*Inputs!B7+Inputs!B12*Inputs!B26*Inputs!B13+Inputs!B12*Inputs!B13*Inputs!B27*0.4 + 0.02*Inputs!B15*0.3)-Costs!B7 | C6: =((Inputs!B10*12*Inputs!B6)*Inputs!B25*(Inputs!B16/60)*Inputs!B7+Inputs!B12*Inputs!B26*Inputs!B13+Inputs!B12*Inputs!B13*Inputs!B27*0.4 + 0.02*Inputs!B15*0.45)-Costs!B7 | D6: =((Inputs!B10*12*Inputs!B6)*Inputs!B25*(Inputs!B16/60)*Inputs!B7+Inputs!B12*Inputs!B26*Inputs!B13+Inputs!B12*Inputs!B13*Inputs!B27*0.4 + 0.02*Inputs!B15*0.6)-Costs!B7 | E6: =((Inputs!B10*12*Inputs!B6)*Inputs!B25*(Inputs!B16/60)*Inputs!B7+Inputs!B12*Inputs!B26*Inputs!B13+Inputs!B12*Inputs!B13*Inputs!B27*0.4 + 0.02*Inputs!B15*0.75)-Costs!B7 | F6: =((Inputs!B10*12*Inputs!B6)*Inputs!B25*(Inputs!B16/60)*Inputs!B7+Inputs!B12*Inputs!B26*Inputs!B13+Inputs!B12*Inputs!B13*Inputs!B27*0.4 + 0.02*Inputs!B15*0.9)-Costs!B7
A7: 0.05 | B7: =((Inputs!B10*12*Inputs!B6)*Inputs!B25*(Inputs!B16/60)*Inputs!B7+Inputs!B12*Inputs!B26*Inputs!B13+Inputs!B12*Inputs!B13*Inputs!B27*0.4 + 0.05*Inputs!B15*0.3)-Costs!B7 | C7: =((Inputs!B10*12*Inputs!B6)*Inputs!B25*(Inputs!B16/60)*Inputs!B7+Inputs!B12*Inputs!B26*Inputs!B13+Inputs!B12*Inputs!B13*Inputs!B27*0.4 + 0.05*Inputs!B15*0.45)-Costs!B7 | D7: =((Inputs!B10*12*Inputs!B6)*Inputs!B25*(Inputs!B16/60)*Inputs!B7+Inputs!B12*Inputs!B26*Inputs!B13+Inputs!B12*Inputs!B13*Inputs!B27*0.4 + 0.05*Inputs!B15*0.6)-Costs!B7 | E7: =((Inputs!B10*12*Inputs!B6)*Inputs!B25*(Inputs!B16/60)*Inputs!B7+Inputs!B12*Inputs!B26*Inputs!B13+Inputs!B12*Inputs!B13*Inputs!B27*0.4 + 0.05*Inputs!B15*0.75)-Costs!B7 | F7: =((Inputs!B10*12*Inputs!B6)*Inputs!B25*(Inputs!B16/60)*Inputs!B7+Inputs!B12*Inputs!B26*Inputs!B13+Inputs!B12*Inputs!B13*Inputs!B27*0.4 + 0.05*Inputs!B15*0.9)-Costs!B7
A8: 0.08 | B8: =((Inputs!B10*12*Inputs!B6)*Inputs!B25*(Inputs!B16/60)*Inputs!B7+Inputs!B12*Inputs!B26*Inputs!B13+Inputs!B12*Inputs!B13*Inputs!B27*0.4 + 0.08*Inputs!B15*0.3)-Costs!B7 | C8: =((Inputs!B10*12*Inputs!B6)*Inputs!B25*(Inputs!B16/60)*Inputs!B7+Inputs!B12*Inputs!B26*Inputs!B13+Inputs!B12*Inputs!B13*Inputs!B27*0.4 + 0.08*Inputs!B15*0.45)-Costs!B7 | D8: =((Inputs!B10*12*Inputs!B6)*Inputs!B25*(Inputs!B16/60)*Inputs!B7+Inputs!B12*Inputs!B26*Inputs!B13+Inputs!B12*Inputs!B13*Inputs!B27*0.4 + 0.08*Inputs!B15*0.6)-Costs!B7 | E8: =((Inputs!B10*12*Inputs!B6)*Inputs!B25*(Inputs!B16/60)*Inputs!B7+Inputs!B12*Inputs!B26*Inputs!B13+Inputs!B12*Inputs!B13*Inputs!B27*0.4 + 0.08*Inputs!B15*0.75)-Costs!B7 | F8: =((Inputs!B10*12*Inputs!B6)*Inputs!B25*(Inputs!B16/60)*Inputs!B7+Inputs!B12*Inputs!B26*Inputs!B13+Inputs!B12*Inputs!B13*Inputs!B27*0.4 + 0.08*Inputs!B15*0.9)-Costs!B7
A9: 0.12 | B9: =((Inputs!B10*12*Inputs!B6)*Inputs!B25*(Inputs!B16/60)*Inputs!B7+Inputs!B12*Inputs!B26*Inputs!B13+Inputs!B12*Inputs!B13*Inputs!B27*0.4 + 0.12*Inputs!B15*0.3)-Costs!B7 | C9: =((Inputs!B10*12*Inputs!B6)*Inputs!B25*(Inputs!B16/60)*Inputs!B7+Inputs!B12*Inputs!B26*Inputs!B13+Inputs!B12*Inputs!B13*Inputs!B27*0.4 + 0.12*Inputs!B15*0.45)-Costs!B7 | D9: =((Inputs!B10*12*Inputs!B6)*Inputs!B25*(Inputs!B16/60)*Inputs!B7+Inputs!B12*Inputs!B26*Inputs!B13+Inputs!B12*Inputs!B13*Inputs!B27*0.4 + 0.12*Inputs!B15*0.6)-Costs!B7 | E9: =((Inputs!B10*12*Inputs!B6)*Inputs!B25*(Inputs!B16/60)*Inputs!B7+Inputs!B12*Inputs!B26*Inputs!B13+Inputs!B12*Inputs!B13*Inputs!B27*0.4 + 0.12*Inputs!B15*0.75)-Costs!B7 | F9: =((Inputs!B10*12*Inputs!B6)*Inputs!B25*(Inputs!B16/60)*Inputs!B7+Inputs!B12*Inputs!B26*Inputs!B13+Inputs!B12*Inputs!B13*Inputs!B27*0.4 + 0.12*Inputs!B15*0.9)-Costs!B7
A10: 0.18 | B10: =((Inputs!B10*12*Inputs!B6)*Inputs!B25*(Inputs!B16/60)*Inputs!B7+Inputs!B12*Inputs!B26*Inputs!B13+Inputs!B12*Inputs!B13*Inputs!B27*0.4 + 0.18*Inputs!B15*0.3)-Costs!B7 | C10: =((Inputs!B10*12*Inputs!B6)*Inputs!B25*(Inputs!B16/60)*Inputs!B7+Inputs!B12*Inputs!B26*Inputs!B13+Inputs!B12*Inputs!B13*Inputs!B27*0.4 + 0.18*Inputs!B15*0.45)-Costs!B7 | D10: =((Inputs!B10*12*Inputs!B6)*Inputs!B25*(Inputs!B16/60)*Inputs!B7+Inputs!B12*Inputs!B26*Inputs!B13+Inputs!B12*Inputs!B13*Inputs!B27*0.4 + 0.18*Inputs!B15*0.6)-Costs!B7 | E10: =((Inputs!B10*12*Inputs!B6)*Inputs!B25*(Inputs!B16/60)*Inputs!B7+Inputs!B12*Inputs!B26*Inputs!B13+Inputs!B12*Inputs!B13*Inputs!B27*0.4 + 0.18*Inputs!B15*0.75)-Costs!B7 | F10: =((Inputs!B10*12*Inputs!B6)*Inputs!B25*(Inputs!B16/60)*Inputs!B7+Inputs!B12*Inputs!B26*Inputs!B13+Inputs!B12*Inputs!B13*Inputs!B27*0.4 + 0.18*Inputs!B15*0.9)-Costs!B7
A13: Read: at the baseline P=8% × reduction=65% the model returns the headline Year 1 net benefit shown on the ROI Summary.
